scope,team_size,comparison,metric,pairs,mean_diff,ci_low,ci_high,relative_change_percent,candidate_better_raw_positive,ties,candidate_lower_raw
Overall,,none - compressed,communication_packets_recorded,1600,-75.106875,-78.127734375,-72.198453125,,0,59,1541
Overall,,raw - compressed,communication_packets_recorded,1600,0.0,0.0,0.0,,0,1600,0
N=2,2.0,none - compressed,communication_packets_recorded,400,-16.4175,-18.2876875,-14.642437500000002,-100.0,0,56,344
N=2,2.0,raw - compressed,communication_packets_recorded,400,0.0,0.0,0.0,0.0,0,400,0
N=4,4.0,none - compressed,communication_packets_recorded,400,-60.46,-65.13525,-55.907250000000005,-100.0,0,1,399
N=4,4.0,raw - compressed,communication_packets_recorded,400,0.0,0.0,0.0,0.0,0,400,0
N=6,6.0,none - compressed,communication_packets_recorded,400,-97.8975,-104.63550000000001,-91.451625,-100.0,0,1,399
N=6,6.0,raw - compressed,communication_packets_recorded,400,0.0,0.0,0.0,0.0,0,400,0
N=8,8.0,none - compressed,communication_packets_recorded,400,-125.6525,-134.42325000000002,-117.1399375,-100.0,0,1,399
N=8,8.0,raw - compressed,communication_packets_recorded,400,0.0,0.0,0.0,0.0,0,400,0
Overall,,none - compressed,coverage_auc,1600,0.024962458453083973,0.02276396041539531,0.027134026563600835,,1090,89,421
Overall,,raw - compressed,coverage_auc,1600,0.0,0.0,0.0,,0,1600,0
N=2,2.0,none - compressed,coverage_auc,400,0.018763625834581313,0.014017449974416538,0.02336664222612088,2.7588714691821647,227,66,107
N=2,2.0,raw - compressed,coverage_auc,400,0.0,0.0,0.0,0.0,0,400,0
N=4,4.0,none - compressed,coverage_auc,400,0.03238708202791222,0.027513645201355665,0.03731823591565283,4.320913897726985,289,8,103
N=4,4.0,raw - compressed,coverage_auc,400,0.0,0.0,0.0,0.0,0,400,0
N=6,6.0,none - compressed,coverage_auc,400,0.02606196134968045,0.021876962965939745,0.030269173705823365,3.2545828079674606,293,7,100
N=6,6.0,raw - compressed,coverage_auc,400,0.0,0.0,0.0,0.0,0,400,0
N=8,8.0,none - compressed,coverage_auc,400,0.02263716460016191,0.018881199317103886,0.02628890933559675,2.6969480052523727,281,8,111
N=8,8.0,raw - compressed,coverage_auc,400,0.0,0.0,0.0,0.0,0,400,0
Overall,,none - compressed,final_coverage,1600,-8.668384390661247e-05,-0.00024698051515292737,6.276767860323752e-05,,448,660,492
Overall,,raw - compressed,final_coverage,1600,0.0,0.0,0.0,,0,1600,0
N=2,2.0,none - compressed,final_coverage,400,-0.00023310028331311654,-0.0005123649544162762,4.0829783545717056e-05,-0.02336815036569714,87,197,116
N=2,2.0,raw - compressed,final_coverage,400,0.0,0.0,0.0,0.0,0,400,0
N=4,4.0,none - compressed,final_coverage,400,1.1678727076065987e-05,-0.0003124727647171955,0.00034259977542685203,0.001171074995195207,127,152,121
N=4,4.0,raw - compressed,final_coverage,400,0.0,0.0,0.0,0.0,0,400,0
N=6,6.0,none - compressed,final_coverage,400,-2.189153123067833e-05,-0.0003623405229411829,0.0003196255011112435,-0.0021949655109583972,123,149,128
N=6,6.0,raw - compressed,final_coverage,400,0.0,0.0,0.0,0.0,0,400,0
N=8,8.0,none - compressed,final_coverage,400,-0.000103422288158721,-0.00043837012911176446,0.0002206005446514926,-0.010369455569105079,111,162,127
N=8,8.0,raw - compressed,final_coverage,400,0.0,0.0,0.0,0.0,0,400,0
Overall,,none - compressed,map_payload_kib,1600,-635.155283203125,-661.0495031433105,-610.1636904907227,,0,59,1541
Overall,,raw - compressed,map_payload_kib,1600,1600.630712890625,1498.0896821594238,1705.0525289916986,,1404,196,0
N=2,2.0,none - compressed,map_payload_kib,400,-119.79683837890624,-125.76499938964844,-113.71043188476563,-100.0,0,56,344
N=2,2.0,raw - compressed,map_payload_kib,400,434.9296142578125,373.0761511230469,504.66785522460924,363.0560039340693,248,152,0
N=4,4.0,none - compressed,map_payload_kib,400,-474.223310546875,-501.3544499511719,-447.1338947753907,-100.0,0,1,399
N=4,4.0,raw - compressed,map_payload_kib,400,1464.0714599609375,1288.9232720947266,1639.9488653564454,308.73038659204,376,24,0
N=6,6.0,none - compressed,map_payload_kib,400,-830.6422143554687,-889.3833834838867,-775.7317981567383,-100.0,0,1,399
N=6,6.0,raw - compressed,map_payload_kib,400,2160.3731201171877,1924.4751501464843,2396.7794555664063,260.08467698616965,387,13,0
N=8,8.0,none - compressed,map_payload_kib,400,-1115.95876953125,-1198.4146643676759,-1036.845830505371,-100.0,0,1,399
N=8,8.0,raw - compressed,map_payload_kib,400,2343.1486572265626,2072.909376220703,2623.51469543457,209.96731431312506,393,7,0
Overall,,none - compressed,map_payload_kib_per_robot,1600,-114.09736551920574,-118.09574585342408,-110.27181537882487,,0,59,1541
Overall,,raw - compressed,map_payload_kib_per_robot,1600,309.10961023966473,290.390498085022,328.7127576319376,,1404,196,0
N=2,2.0,none - compressed,map_payload_kib_per_robot,400,-59.89841918945312,-62.85432897949219,-56.85694219970704,-100.0,0,56,344
N=2,2.0,raw - compressed,map_payload_kib_per_robot,400,217.46480712890624,186.8502291870117,251.14177978515625,363.0560039340693,248,152,0
N=4,4.0,none - compressed,map_payload_kib_per_robot,400,-118.55582763671875,-125.4738907623291,-111.71026756286622,-100.0,0,1,399
N=4,4.0,raw - compressed,map_payload_kib_per_robot,400,366.0178649902344,325.32443435668944,410.40918518066405,308.73038659204,376,24,0
N=6,6.0,none - compressed,map_payload_kib_per_robot,400,-138.44036905924477,-147.8431248474121,-129.70245959472655,-100.0,0,1,399
N=6,6.0,raw - compressed,map_payload_kib_per_robot,400,360.06218668619795,323.1134537760417,400.1090805053711,260.0846769861697,387,13,0
N=8,8.0,none - compressed,map_payload_kib_per_robot,400,-139.49484619140625,-149.6393519897461,-129.63260746765138,-100.0,0,1,399
N=8,8.0,raw - compressed,map_payload_kib_per_robot,400,292.8935821533203,259.66571083068845,328.166612701416,209.96731431312506,393,7,0
Overall,,none - compressed,map_retransmission_packets,1224,0.0,0.0,0.0,,0,1224,0
Overall,,raw - compressed,map_retransmission_packets,1224,0.0,0.0,0.0,,0,1224,0
N=2,2.0,none - compressed,map_retransmission_packets,306,0.0,0.0,0.0,,0,306,0
N=2,2.0,raw - compressed,map_retransmission_packets,306,0.0,0.0,0.0,,0,306,0
N=4,4.0,none - compressed,map_retransmission_packets,306,0.0,0.0,0.0,,0,306,0
N=4,4.0,raw - compressed,map_retransmission_packets,306,0.0,0.0,0.0,,0,306,0
N=6,6.0,none - compressed,map_retransmission_packets,306,0.0,0.0,0.0,,0,306,0
N=6,6.0,raw - compressed,map_retransmission_packets,306,0.0,0.0,0.0,,0,306,0
N=8,8.0,none - compressed,map_retransmission_packets,306,0.0,0.0,0.0,,0,306,0
N=8,8.0,raw - compressed,map_retransmission_packets,306,0.0,0.0,0.0,,0,306,0
Overall,,none - compressed,mean_robot_map_free_iou,1600,-0.05406968199574276,-0.062190159801487566,-0.04638587473645741,,557,66,978
Overall,,raw - compressed,mean_robot_map_free_iou,1600,0.0,0.0,0.0,,0,1600,0
N=2,2.0,none - compressed,mean_robot_map_free_iou,400,-0.009335918808885546,-0.01929647123319706,0.0008837196071504829,-1.0715244322154138,158,63,180
N=2,2.0,raw - compressed,mean_robot_map_free_iou,400,0.0,0.0,0.0,0.0,0,400,0
N=4,4.0,none - compressed,mean_robot_map_free_iou,400,-0.03753817702006337,-0.05454989220005183,-0.02062693554657778,-5.047055161403131,168,1,231
N=4,4.0,raw - compressed,mean_robot_map_free_iou,400,0.0,0.0,0.0,0.0,0,400,0
N=6,6.0,none - compressed,mean_robot_map_free_iou,400,-0.07766264605358378,-0.09511480378068557,-0.06028632101795618,-11.738353316723044,122,1,277
N=6,6.0,raw - compressed,mean_robot_map_free_iou,400,0.0,0.0,0.0,0.0,0,400,0
N=8,8.0,none - compressed,mean_robot_map_free_iou,400,-0.09174198610043835,-0.109450034407136,-0.0746374365813509,-15.651367446393344,109,1,290
N=8,8.0,raw - compressed,mean_robot_map_free_iou,400,0.0,0.0,0.0,0.0,0,400,0
Overall,,none - compressed,packets_per_robot,1600,-13.836640625000001,-14.391849609374997,-13.310294921874998,,0,59,1541
Overall,,raw - compressed,packets_per_robot,1600,0.0,0.0,0.0,,0,1600,0
N=2,2.0,none - compressed,packets_per_robot,400,-8.20875,-9.145031249999999,-7.334968750000001,-100.0,0,56,344
N=2,2.0,raw - compressed,packets_per_robot,400,0.0,0.0,0.0,0.0,0,400,0
N=4,4.0,none - compressed,packets_per_robot,400,-15.115,-16.326296875,-13.985578125000002,-100.0,0,1,399
N=4,4.0,raw - compressed,packets_per_robot,400,0.0,0.0,0.0,0.0,0,400,0
N=6,6.0,none - compressed,packets_per_robot,400,-16.31625,-17.478749999999998,-15.184135416666665,-100.0,0,1,399
N=6,6.0,raw - compressed,packets_per_robot,400,0.0,0.0,0.0,0.0,0,400,0
N=8,8.0,none - compressed,packets_per_robot,400,-15.7065625,-16.819070312500003,-14.663117187500001,-100.0,0,1,399
N=8,8.0,raw - compressed,packets_per_robot,400,0.0,0.0,0.0,0.0,0,400,0
Overall,,none - compressed,reached_95_rate,1600,0.0,0.0,0.0,,0,1600,0
Overall,,raw - compressed,reached_95_rate,1600,0.0,0.0,0.0,,0,1600,0
N=2,2.0,none - compressed,reached_95_rate,400,0.0,0.0,0.0,0.0,0,400,0
N=2,2.0,raw - compressed,reached_95_rate,400,0.0,0.0,0.0,0.0,0,400,0
N=4,4.0,none - compressed,reached_95_rate,400,0.0,0.0,0.0,0.0,0,400,0
N=4,4.0,raw - compressed,reached_95_rate,400,0.0,0.0,0.0,0.0,0,400,0
N=6,6.0,none - compressed,reached_95_rate,400,0.0,0.0,0.0,0.0,0,400,0
N=6,6.0,raw - compressed,reached_95_rate,400,0.0,0.0,0.0,0.0,0,400,0
N=8,8.0,none - compressed,reached_95_rate,400,0.0,0.0,0.0,0.0,0,400,0
N=8,8.0,raw - compressed,reached_95_rate,400,0.0,0.0,0.0,0.0,0,400,0
Overall,,none - compressed,retransmission_rate,0,,,,,0,0,0
Overall,,raw - compressed,retransmission_rate,1184,0.0,0.0,0.0,,0,1184,0
N=2,2.0,none - compressed,retransmission_rate,0,,,,,0,0,0
N=2,2.0,raw - compressed,retransmission_rate,269,0.0,0.0,0.0,,0,269,0
N=4,4.0,none - compressed,retransmission_rate,0,,,,,0,0,0
N=4,4.0,raw - compressed,retransmission_rate,305,0.0,0.0,0.0,,0,305,0
N=6,6.0,none - compressed,retransmission_rate,0,,,,,0,0,0
N=6,6.0,raw - compressed,retransmission_rate,305,0.0,0.0,0.0,,0,305,0
N=8,8.0,none - compressed,retransmission_rate,0,,,,,0,0,0
N=8,8.0,raw - compressed,retransmission_rate,305,0.0,0.0,0.0,,0,305,0
Overall,,none - compressed,steps_to_95_conditional,1600,10.797500000000001,10.18303125,11.415640625,,1215,281,104
Overall,,raw - compressed,steps_to_95_conditional,1600,0.0,0.0,0.0,,0,1600,0
N=2,2.0,none - compressed,steps_to_95_conditional,400,11.0775,9.8675,12.275062499999999,26.79770184457212,277,93,30
N=2,2.0,raw - compressed,steps_to_95_conditional,400,0.0,0.0,0.0,0.0,0,400,0
N=4,4.0,none - compressed,steps_to_95_conditional,400,14.09,12.725,15.502562499999998,63.07072515666965,329,45,26
N=4,4.0,raw - compressed,steps_to_95_conditional,400,0.0,0.0,0.0,0.0,0,400,0
N=6,6.0,none - compressed,steps_to_95_conditional,400,10.705,9.4374375,11.96,71.17686170212767,319,56,25
N=6,6.0,raw - compressed,steps_to_95_conditional,400,0.0,0.0,0.0,0.0,0,400,0
N=8,8.0,none - compressed,steps_to_95_conditional,400,7.3175,6.307375,8.38,69.0818975690347,290,87,23
N=8,8.0,raw - compressed,steps_to_95_conditional,400,0.0,0.0,0.0,0.0,0,400,0
