team_size,communication_mode,metric,n,p10,median,p90,iqr
2,compressed,final_coverage,400,0.9922370890920489,0.9987993545712059,1.0,0.00405440659744194
2,compressed,coverage_auc,400,0.595565544161349,0.6789019182646892,0.7628424759702104,0.085536286306926
2,compressed,mean_robot_map_free_iou,400,0.6990786625202655,0.9094738176102951,0.9809008087172947,0.1412443996657896
2,compressed,reached_95_rate,400,1.0,1.0,1.0,0.0
2,compressed,steps_to_95_conditional,400,28.0,40.0,57.0,16.0
2,compressed,map_payload_kib,400,0.0,133.54638671875,183.3263671875,68.143798828125
2,compressed,map_payload_kib_per_robot,400,0.0,66.773193359375,91.66318359375,34.0718994140625
2,compressed,communication_packets_recorded,400,0.0,10.0,40.10000000000002,17.25
2,compressed,packets_per_robot,400,0.0,5.0,20.05000000000001,8.625
2,compressed,map_retransmission_packets,306,0.0,0.0,0.0,0.0
2,compressed,retransmission_rate,269,0.0,0.0,0.0,0.0
2,none,final_coverage,400,0.991955541737914,0.9985926698818133,1.0,0.004620176978854085
2,none,coverage_auc,400,0.6063343381410781,0.6996405788966302,0.7906928213096632,0.1046986004867545
2,none,mean_robot_map_free_iou,400,0.6846783405092696,0.8973658812367453,0.9754627960107285,0.1429726867887876
2,none,reached_95_rate,400,1.0,1.0,1.0,0.0
2,none,steps_to_95_conditional,400,30.0,52.0,73.0,23.0
2,none,map_payload_kib,400,0.0,0.0,0.0,0.0
2,none,map_payload_kib_per_robot,400,0.0,0.0,0.0,0.0
2,none,communication_packets_recorded,400,0.0,0.0,0.0,0.0
2,none,packets_per_robot,400,0.0,0.0,0.0,0.0
2,none,map_retransmission_packets,400,0.0,0.0,0.0,0.0
2,raw,final_coverage,400,0.9922370890920489,0.9987993545712059,1.0,0.00405440659744194
2,raw,coverage_auc,400,0.595565544161349,0.6789019182646892,0.7628424759702104,0.085536286306926
2,raw,mean_robot_map_free_iou,400,0.6990786625202655,0.9094738176102951,0.9809008087172947,0.1412443996657896
2,raw,reached_95_rate,400,1.0,1.0,1.0,0.0
2,raw,steps_to_95_conditional,400,28.0,40.0,57.0,16.0
2,raw,map_payload_kib,400,0.0,312.529296875,1462.0361328125007,611.14404296875
2,raw,map_payload_kib_per_robot,400,0.0,156.2646484375,731.0180664062503,305.572021484375
2,raw,communication_packets_recorded,400,0.0,10.0,40.10000000000002,17.25
2,raw,packets_per_robot,400,0.0,5.0,20.05000000000001,8.625
2,raw,map_retransmission_packets,400,0.0,0.0,0.0,0.0
2,raw,retransmission_rate,344,0.0,0.0,0.0,0.0
4,compressed,final_coverage,400,0.9920325892506755,0.9985479000437953,1.0,0.005018635560832929
4,compressed,coverage_auc,400,0.6763583637276446,0.7492212308438784,0.8189182750331739,0.07318534581077107
4,compressed,mean_robot_map_free_iou,400,0.5178613151863571,0.7787978979552304,0.9291784946867999,0.2171923837158347
4,compressed,reached_95_rate,400,1.0,1.0,1.0,0.0
4,compressed,steps_to_95_conditional,400,14.0,21.0,32.0,10.0
4,compressed,map_payload_kib,400,153.121484375,419.7373046875,900.41572265625,358.720703125
4,compressed,map_payload_kib_per_robot,400,38.28037109375,104.934326171875,225.1039306640625,89.68017578125
4,compressed,communication_packets_recorded,400,17.0,48.0,121.20000000000005,51.0
4,compressed,packets_per_robot,400,4.25,12.0,30.30000000000001,12.75
4,compressed,map_retransmission_packets,306,0.0,0.0,0.0,0.0
4,compressed,retransmission_rate,305,0.0,0.0,0.0,0.0
4,none,final_coverage,400,0.992187349141042,0.9987628177265826,1.0,0.004996240035758603
4,none,coverage_auc,400,0.696940921057809,0.7845442587205542,0.8614661824737805,0.08186422182443598
4,none,mean_robot_map_free_iou,400,0.46316101388350867,0.7309606226740519,0.9170344046958835,0.29118698503781615
4,none,reached_95_rate,400,1.0,1.0,1.0,0.0
4,none,steps_to_95_conditional,400,16.0,35.0,59.10000000000002,24.25
4,none,map_payload_kib,400,0.0,0.0,0.0,0.0
4,none,map_payload_kib_per_robot,400,0.0,0.0,0.0,0.0
4,none,communication_packets_recorded,400,0.0,0.0,0.0,0.0
4,none,packets_per_robot,400,0.0,0.0,0.0,0.0
4,none,map_retransmission_packets,400,0.0,0.0,0.0,0.0
4,raw,final_coverage,400,0.9920325892506755,0.9985479000437953,1.0,0.005018635560832929
4,raw,coverage_auc,400,0.6763583637276446,0.7492212308438784,0.8189182750331739,0.07318534581077107
4,raw,mean_robot_map_free_iou,400,0.5178613151863571,0.7787978979552304,0.9291784946867999,0.2171923837158347
4,raw,reached_95_rate,400,1.0,1.0,1.0,0.0
4,raw,steps_to_95_conditional,400,14.0,21.0,32.0,10.0
4,raw,map_payload_kib,400,305.19824218750006,1319.2578125,4132.043359375,1934.376220703125
4,raw,map_payload_kib_per_robot,400,76.29956054687501,329.814453125,1033.01083984375,483.59405517578125
4,raw,communication_packets_recorded,400,17.0,48.0,121.20000000000005,51.0
4,raw,packets_per_robot,400,4.25,12.0,30.30000000000001,12.75
4,raw,map_retransmission_packets,400,0.0,0.0,0.0,0.0
4,raw,retransmission_rate,399,0.0,0.0,0.0,0.0
6,compressed,final_coverage,400,0.9921391850297309,0.9988111695029853,1.0,0.005026365226368235
6,compressed,coverage_auc,400,0.7476184450901106,0.8031535918487531,0.8555146229129359,0.057440285995762896
6,compressed,mean_robot_map_free_iou,400,0.40029951213160675,0.6837678487187655,0.8919033422353548,0.29662120975459694
6,compressed,reached_95_rate,400,1.0,1.0,1.0,0.0
6,compressed,steps_to_95_conditional,400,8.900000000000006,14.0,23.0,7.0
6,compressed,map_payload_kib,400,210.598828125,695.08056640625,1671.5158203125006,783.960693359375
6,compressed,map_payload_kib_per_robot,400,35.099804687500004,115.84676106770834,278.58597005208344,130.66011555989584
6,compressed,communication_packets_recorded,400,25.900000000000006,81.0,189.0,86.25
6,compressed,packets_per_robot,400,4.316666666666667,13.5,31.5,14.375000000000002
6,compressed,map_retransmission_packets,306,0.0,0.0,0.0,0.0
6,compressed,retransmission_rate,305,0.0,0.0,0.0,0.0
6,none,final_coverage,400,0.9918979510069768,0.9988145513817884,1.0,0.004674441312355948
6,none,coverage_auc,400,0.7560040401376829,0.827397102823693,0.8980093787903076,0.07948594624373406
6,none,mean_robot_map_free_iou,400,0.3494881444379184,0.5670433637550403,0.8520235639890628,0.3340183316451109
6,none,reached_95_rate,400,1.0,1.0,1.0,0.0
6,none,steps_to_95_conditional,400,10.900000000000006,22.0,51.10000000000002,20.0
6,none,map_payload_kib,400,0.0,0.0,0.0,0.0
6,none,map_payload_kib_per_robot,400,0.0,0.0,0.0,0.0
6,none,communication_packets_recorded,400,0.0,0.0,0.0,0.0
6,none,packets_per_robot,400,0.0,0.0,0.0,0.0
6,none,map_retransmission_packets,400,0.0,0.0,0.0,0.0
6,raw,final_coverage,400,0.9921391850297309,0.9988111695029853,1.0,0.005026365226368235
6,raw,coverage_auc,400,0.7476184450901106,0.8031535918487531,0.8555146229129359,0.057440285995762896
6,raw,mean_robot_map_free_iou,400,0.40029951213160675,0.6837678487187655,0.8919033422353548,0.29662120975459694
6,raw,reached_95_rate,400,1.0,1.0,1.0,0.0
6,raw,steps_to_95_conditional,400,8.900000000000006,14.0,23.0,7.0
6,raw,map_payload_kib,400,368.93046875,2026.0859375,6635.708984375003,3303.047607421875
6,raw,map_payload_kib_per_robot,400,61.48841145833333,337.68098958333337,1105.951497395834,550.5079345703125
6,raw,communication_packets_recorded,400,25.900000000000006,81.0,189.0,86.25
6,raw,packets_per_robot,400,4.316666666666667,13.5,31.5,14.375000000000002
6,raw,map_retransmission_packets,400,0.0,0.0,0.0,0.0
6,raw,retransmission_rate,399,0.0,0.0,0.0,0.0
8,compressed,final_coverage,400,0.9922045883916369,0.9989756759815307,1.0,0.005039338879187727
8,compressed,coverage_auc,400,0.7836585560360305,0.8416248517238809,0.8882688319306508,0.05711843124726079
8,compressed,mean_robot_map_free_iou,400,0.3315301450077369,0.5850682309785032,0.8472698013718082,0.3004591562082928
8,compressed,reached_95_rate,400,1.0,1.0,1.0,0.0
8,compressed,steps_to_95_conditional,400,6.0,10.0,16.100000000000023,6.0
8,compressed,map_payload_kib,400,275.0607421875,915.80029296875,2277.7739257812505,1026.891845703125
8,compressed,map_payload_kib_per_robot,400,34.3825927734375,114.47503662109375,284.7217407226563,128.36148071289062
8,compressed,communication_packets_recorded,400,37.0,110.0,239.10000000000002,103.25
8,compressed,packets_per_robot,400,4.625,13.75,29.887500000000003,12.90625
8,compressed,map_retransmission_packets,306,0.0,0.0,0.0,0.0
8,compressed,retransmission_rate,305,0.0,0.0,0.0,0.0
8,none,final_coverage,400,0.9919501772911008,0.9988284030722594,1.0,0.005052028944279363
8,none,coverage_auc,400,0.7997092812920258,0.8637432670700084,0.9246056440029365,0.06424872912805635
8,none,mean_robot_map_free_iou,400,0.27918844030377865,0.4453827704340855,0.8086627041187963,0.3118312357061448
8,none,reached_95_rate,400,1.0,1.0,1.0,0.0
8,none,steps_to_95_conditional,400,6.0,14.0,36.10000000000002,13.0
8,none,map_payload_kib,400,0.0,0.0,0.0,0.0
8,none,map_payload_kib_per_robot,400,0.0,0.0,0.0,0.0
8,none,communication_packets_recorded,400,0.0,0.0,0.0,0.0
8,none,packets_per_robot,400,0.0,0.0,0.0,0.0
8,none,map_retransmission_packets,400,0.0,0.0,0.0,0.0
8,raw,final_coverage,400,0.9922045883916369,0.9989756759815307,1.0,0.005039338879187727
8,raw,coverage_auc,400,0.7836585560360305,0.8416248517238809,0.8882688319306508,0.05711843124726079
8,raw,mean_robot_map_free_iou,400,0.3315301450077369,0.5850682309785032,0.8472698013718082,0.3004591562082928
8,raw,reached_95_rate,400,1.0,1.0,1.0,0.0
8,raw,steps_to_95_conditional,400,6.0,10.0,16.100000000000023,6.0
8,raw,map_payload_kib,400,537.8355468750003,2340.521484375,7773.011425781251,3497.39111328125
8,raw,map_payload_kib_per_robot,400,67.22944335937504,292.565185546875,971.6264282226564,437.17388916015625
8,raw,communication_packets_recorded,400,37.0,110.0,239.10000000000002,103.25
8,raw,packets_per_robot,400,4.625,13.75,29.887500000000003,12.90625
8,raw,map_retransmission_packets,400,0.0,0.0,0.0,0.0
8,raw,retransmission_rate,399,0.0,0.0,0.0,0.0
