descriptor,team_size,communication_mode,stratum,metric,n,mean,median
map_obstacle_ratio,2,compressed,low,final_coverage,136,0.9976198828852887,0.9988034551536769
map_obstacle_ratio,2,compressed,low,coverage_auc,136,0.676899762236214,0.6726552551185
map_obstacle_ratio,2,compressed,low,mean_robot_map_free_iou,136,0.8684983176049643,0.904528230056178
map_obstacle_ratio,2,compressed,low,reached_95_rate,136,1.0,1.0
map_obstacle_ratio,2,compressed,low,steps_to_95_conditional,136,43.10294117647059,43.0
map_obstacle_ratio,2,compressed,low,map_payload_kib,136,123.0707648782169,139.90478515625
map_obstacle_ratio,2,compressed,low,map_payload_kib_per_robot,136,61.53538243910845,69.952392578125
map_obstacle_ratio,2,compressed,low,communication_packets_recorded,136,17.558823529411764,11.0
map_obstacle_ratio,2,compressed,low,packets_per_robot,136,8.779411764705882,5.5
map_obstacle_ratio,2,compressed,low,map_retransmission_packets,112,0.0,0.0
map_obstacle_ratio,2,compressed,low,retransmission_rate,92,0.0,0.0
map_obstacle_ratio,2,compressed,medium,final_coverage,132,0.9975681915700635,0.998960316667671
map_obstacle_ratio,2,compressed,medium,coverage_auc,132,0.6803025837316845,0.6808606579765946
map_obstacle_ratio,2,compressed,medium,mean_robot_map_free_iou,132,0.887529133400872,0.9225988052364174
map_obstacle_ratio,2,compressed,medium,reached_95_rate,132,1.0,1.0
map_obstacle_ratio,2,compressed,medium,steps_to_95_conditional,132,42.86363636363637,41.5
map_obstacle_ratio,2,compressed,medium,map_payload_kib,132,123.5353116122159,136.94482421875
map_obstacle_ratio,2,compressed,medium,map_payload_kib_per_robot,132,61.76765580610795,68.472412109375
map_obstacle_ratio,2,compressed,medium,communication_packets_recorded,132,17.28030303030303,10.0
map_obstacle_ratio,2,compressed,medium,packets_per_robot,132,8.640151515151516,5.0
map_obstacle_ratio,2,compressed,medium,map_retransmission_packets,104,0.0,0.0
map_obstacle_ratio,2,compressed,medium,retransmission_rate,98,0.0,0.0
map_obstacle_ratio,2,compressed,high,final_coverage,132,0.9973469806545112,0.9987212845092881
map_obstacle_ratio,2,compressed,high,coverage_auc,132,0.6832540505608585,0.6801829876461849
map_obstacle_ratio,2,compressed,high,mean_robot_map_free_iou,132,0.8578800823300479,0.9097325523334585
map_obstacle_ratio,2,compressed,high,reached_95_rate,132,1.0,1.0
map_obstacle_ratio,2,compressed,high,steps_to_95_conditional,132,37.99242424242424,38.0
map_obstacle_ratio,2,compressed,high,map_payload_kib,132,112.68522875236742,123.904296875
map_obstacle_ratio,2,compressed,high,map_payload_kib_per_robot,132,56.34261437618371,61.9521484375
map_obstacle_ratio,2,compressed,high,communication_packets_recorded,132,14.378787878787879,10.0
map_obstacle_ratio,2,compressed,high,packets_per_robot,132,7.1893939393939394,5.0
map_obstacle_ratio,2,compressed,high,map_retransmission_packets,90,0.0,0.0
map_obstacle_ratio,2,compressed,high,retransmission_rate,79,0.0,0.0
map_obstacle_ratio,2,none,low,final_coverage,136,0.9975276159784828,0.9984475416604413
map_obstacle_ratio,2,none,low,coverage_auc,136,0.6993842156405974,0.6996407457896237
map_obstacle_ratio,2,none,low,mean_robot_map_free_iou,136,0.8709981443790862,0.9157383269850512
map_obstacle_ratio,2,none,low,reached_95_rate,136,1.0,1.0
map_obstacle_ratio,2,none,low,steps_to_95_conditional,136,53.919117647058826,55.5
map_obstacle_ratio,2,none,low,map_payload_kib,136,0.0,0.0
map_obstacle_ratio,2,none,low,map_payload_kib_per_robot,136,0.0,0.0
map_obstacle_ratio,2,none,low,communication_packets_recorded,136,0.0,0.0
map_obstacle_ratio,2,none,low,packets_per_robot,136,0.0,0.0
map_obstacle_ratio,2,none,low,map_retransmission_packets,136,0.0,0.0
map_obstacle_ratio,2,none,medium,final_coverage,132,0.9973781859552465,0.9989713935578883
map_obstacle_ratio,2,none,medium,coverage_auc,132,0.7021891618087129,0.704066979592072
map_obstacle_ratio,2,none,medium,mean_robot_map_free_iou,132,0.8764214972298302,0.9106939596296858
map_obstacle_ratio,2,none,medium,reached_95_rate,132,1.0,1.0
map_obstacle_ratio,2,none,medium,steps_to_95_conditional,132,55.515151515151516,54.0
map_obstacle_ratio,2,none,medium,map_payload_kib,132,0.0,0.0
map_obstacle_ratio,2,none,medium,map_payload_kib_per_robot,132,0.0,0.0
map_obstacle_ratio,2,none,medium,communication_packets_recorded,132,0.0,0.0
map_obstacle_ratio,2,none,medium,packets_per_robot,132,0.0,0.0
map_obstacle_ratio,2,none,medium,map_retransmission_packets,132,0.0,0.0
map_obstacle_ratio,2,none,high,final_coverage,132,0.9969256846481187,0.9981578603879501
map_obstacle_ratio,2,none,high,coverage_auc,132,0.6950611442325907,0.6928732679842798
map_obstacle_ratio,2,none,high,mean_robot_map_free_iou,132,0.8381214763432502,0.8610612674838811
map_obstacle_ratio,2,none,high,reached_95_rate,132,1.0,1.0
map_obstacle_ratio,2,none,high,steps_to_95_conditional,132,47.765151515151516,47.0
map_obstacle_ratio,2,none,high,map_payload_kib,132,0.0,0.0
map_obstacle_ratio,2,none,high,map_payload_kib_per_robot,132,0.0,0.0
map_obstacle_ratio,2,none,high,communication_packets_recorded,132,0.0,0.0
map_obstacle_ratio,2,none,high,packets_per_robot,132,0.0,0.0
map_obstacle_ratio,2,none,high,map_retransmission_packets,132,0.0,0.0
map_obstacle_ratio,2,raw,low,final_coverage,136,0.9976198828852887,0.9988034551536769
map_obstacle_ratio,2,raw,low,coverage_auc,136,0.676899762236214,0.6726552551185
map_obstacle_ratio,2,raw,low,mean_robot_map_free_iou,136,0.8684983176049643,0.904528230056178
map_obstacle_ratio,2,raw,low,reached_95_rate,136,1.0,1.0
map_obstacle_ratio,2,raw,low,steps_to_95_conditional,136,43.10294117647059,43.0
map_obstacle_ratio,2,raw,low,map_payload_kib,136,598.5772130629596,321.8369140625
map_obstacle_ratio,2,raw,low,map_payload_kib_per_robot,136,299.2886065314798,160.91845703125
map_obstacle_ratio,2,raw,low,communication_packets_recorded,136,17.558823529411764,11.0
map_obstacle_ratio,2,raw,low,packets_per_robot,136,8.779411764705882,5.5
map_obstacle_ratio,2,raw,low,map_retransmission_packets,136,0.0,0.0
map_obstacle_ratio,2,raw,low,retransmission_rate,113,0.0,0.0
map_obstacle_ratio,2,raw,medium,final_coverage,132,0.9975681915700635,0.998960316667671
map_obstacle_ratio,2,raw,medium,coverage_auc,132,0.6803025837316845,0.6808606579765946
map_obstacle_ratio,2,raw,medium,mean_robot_map_free_iou,132,0.887529133400872,0.9225988052364174
map_obstacle_ratio,2,raw,medium,reached_95_rate,132,1.0,1.0
map_obstacle_ratio,2,raw,medium,steps_to_95_conditional,132,42.86363636363637,41.5
map_obstacle_ratio,2,raw,medium,map_payload_kib,132,601.391904888731,347.79638671875
map_obstacle_ratio,2,raw,medium,map_payload_kib_per_robot,132,300.6959524443655,173.898193359375
map_obstacle_ratio,2,raw,medium,communication_packets_recorded,132,17.28030303030303,10.0
map_obstacle_ratio,2,raw,medium,packets_per_robot,132,8.640151515151516,5.0
map_obstacle_ratio,2,raw,medium,map_retransmission_packets,132,0.0,0.0
map_obstacle_ratio,2,raw,medium,retransmission_rate,119,0.0,0.0
map_obstacle_ratio,2,raw,high,final_coverage,132,0.9973469806545112,0.9987212845092881
map_obstacle_ratio,2,raw,high,coverage_auc,132,0.6832540505608585,0.6801829876461849
map_obstacle_ratio,2,raw,high,mean_robot_map_free_iou,132,0.8578800823300479,0.9097325523334585
map_obstacle_ratio,2,raw,high,reached_95_rate,132,1.0,1.0
map_obstacle_ratio,2,raw,high,steps_to_95_conditional,132,37.99242424242424,38.0
map_obstacle_ratio,2,raw,high,map_payload_kib,132,462.8814290364583,287.1611328125
map_obstacle_ratio,2,raw,high,map_payload_kib_per_robot,132,231.44071451822916,143.58056640625
map_obstacle_ratio,2,raw,high,communication_packets_recorded,132,14.378787878787879,10.0
map_obstacle_ratio,2,raw,high,packets_per_robot,132,7.1893939393939394,5.0
map_obstacle_ratio,2,raw,high,map_retransmission_packets,132,0.0,0.0
map_obstacle_ratio,2,raw,high,retransmission_rate,112,0.0,0.0
map_obstacle_ratio,4,compressed,low,final_coverage,136,0.9974070348447187,0.9985052646759474
map_obstacle_ratio,4,compressed,low,coverage_auc,136,0.7483607453559675,0.7491071492097165
map_obstacle_ratio,4,compressed,low,mean_robot_map_free_iou,136,0.7506845179492891,0.7898710605140004
map_obstacle_ratio,4,compressed,low,reached_95_rate,136,1.0,1.0
map_obstacle_ratio,4,compressed,low,steps_to_95_conditional,136,22.448529411764707,20.5
map_obstacle_ratio,4,compressed,low,map_payload_kib,136,519.9911606732537,465.68505859375
map_obstacle_ratio,4,compressed,low,map_payload_kib_per_robot,136,129.99779016831343,116.4212646484375
map_obstacle_ratio,4,compressed,low,communication_packets_recorded,136,60.97794117647059,50.5
map_obstacle_ratio,4,compressed,low,packets_per_robot,136,15.244485294117647,12.625
map_obstacle_ratio,4,compressed,low,map_retransmission_packets,112,0.0,0.0
map_obstacle_ratio,4,compressed,low,retransmission_rate,112,0.0,0.0
map_obstacle_ratio,4,compressed,medium,final_coverage,132,0.9975989598828141,0.9988481430959604
map_obstacle_ratio,4,compressed,medium,coverage_auc,132,0.7531668227177359,0.7503824752908093
map_obstacle_ratio,4,compressed,medium,mean_robot_map_free_iou,132,0.7519807903495509,0.7733614976163714
map_obstacle_ratio,4,compressed,medium,reached_95_rate,132,1.0,1.0
map_obstacle_ratio,4,compressed,medium,steps_to_95_conditional,132,23.363636363636363,22.0
map_obstacle_ratio,4,compressed,medium,map_payload_kib,132,469.04703036221593,422.94775390625
map_obstacle_ratio,4,compressed,medium,map_payload_kib_per_robot,132,117.26175759055398,105.7369384765625
map_obstacle_ratio,4,compressed,medium,communication_packets_recorded,132,61.09090909090909,48.5
map_obstacle_ratio,4,compressed,medium,packets_per_robot,132,15.272727272727273,12.125
map_obstacle_ratio,4,compressed,medium,map_retransmission_packets,104,0.0,0.0
map_obstacle_ratio,4,compressed,medium,retransmission_rate,104,0.0,0.0
map_obstacle_ratio,4,compressed,high,final_coverage,132,0.9967862602905395,0.9982087811380489
map_obstacle_ratio,4,compressed,high,coverage_auc,132,0.7471354604686113,0.7488598410282588
map_obstacle_ratio,4,compressed,high,mean_robot_map_free_iou,132,0.7284168391047452,0.7623974354271564
map_obstacle_ratio,4,compressed,high,reached_95_rate,132,1.0,1.0
map_obstacle_ratio,4,compressed,high,steps_to_95_conditional,132,21.204545454545453,20.0
map_obstacle_ratio,4,compressed,high,map_payload_kib,132,432.2448360558712,399.3447265625
map_obstacle_ratio,4,compressed,high,map_payload_kib_per_robot,132,108.0612090139678,99.836181640625
map_obstacle_ratio,4,compressed,high,communication_packets_recorded,132,59.29545454545455,46.5
map_obstacle_ratio,4,compressed,high,packets_per_robot,132,14.823863636363637,11.625
map_obstacle_ratio,4,compressed,high,map_retransmission_packets,90,0.0,0.0
map_obstacle_ratio,4,compressed,high,retransmission_rate,89,0.0,0.0
map_obstacle_ratio,4,none,low,final_coverage,136,0.9972233831472234,0.9982242345836657
map_obstacle_ratio,4,none,low,coverage_auc,136,0.7793233556355927,0.7795347002790776
map_obstacle_ratio,4,none,low,mean_robot_map_free_iou,136,0.7195295729703107,0.7309606226740519
map_obstacle_ratio,4,none,low,reached_95_rate,136,1.0,1.0
map_obstacle_ratio,4,none,low,steps_to_95_conditional,136,37.56617647058823,37.0
map_obstacle_ratio,4,none,low,map_payload_kib,136,0.0,0.0
map_obstacle_ratio,4,none,low,map_payload_kib_per_robot,136,0.0,0.0
map_obstacle_ratio,4,none,low,communication_packets_recorded,136,0.0,0.0
map_obstacle_ratio,4,none,low,packets_per_robot,136,0.0,0.0
map_obstacle_ratio,4,none,low,map_retransmission_packets,136,0.0,0.0
map_obstacle_ratio,4,none,medium,final_coverage,132,0.9977871915003741,0.9992499519671596
map_obstacle_ratio,4,none,medium,coverage_auc,132,0.7864170663146096,0.7943691710325934
map_obstacle_ratio,4,none,medium,mean_robot_map_free_iou,132,0.7092017025452896,0.7250254820400175
map_obstacle_ratio,4,none,medium,reached_95_rate,132,1.0,1.0
map_obstacle_ratio,4,none,medium,steps_to_95_conditional,132,38.871212121212125,37.0
map_obstacle_ratio,4,none,medium,map_payload_kib,132,0.0,0.0
map_obstacle_ratio,4,none,medium,map_payload_kib_per_robot,132,0.0,0.0
map_obstacle_ratio,4,none,medium,communication_packets_recorded,132,0.0,0.0
map_obstacle_ratio,4,none,medium,packets_per_robot,132,0.0,0.0
map_obstacle_ratio,4,none,medium,map_retransmission_packets,132,0.0,0.0
map_obstacle_ratio,4,none,high,final_coverage,132,0.9968226356554781,0.9978349151439629
map_obstacle_ratio,4,none,high,coverage_auc,132,0.7801270184864033,0.7850414428404064
map_obstacle_ratio,4,none,high,mean_robot_map_free_iou,132,0.6895429095538226,0.751158038147139
map_obstacle_ratio,4,none,high,reached_95_rate,132,1.0,1.0
map_obstacle_ratio,4,none,high,steps_to_95_conditional,132,32.81818181818182,30.0
map_obstacle_ratio,4,none,high,map_payload_kib,132,0.0,0.0
map_obstacle_ratio,4,none,high,map_payload_kib_per_robot,132,0.0,0.0
map_obstacle_ratio,4,none,high,communication_packets_recorded,132,0.0,0.0
map_obstacle_ratio,4,none,high,packets_per_robot,132,0.0,0.0
map_obstacle_ratio,4,none,high,map_retransmission_packets,132,0.0,0.0
map_obstacle_ratio,4,raw,low,final_coverage,136,0.9974070348447187,0.9985052646759474
map_obstacle_ratio,4,raw,low,coverage_auc,136,0.7483607453559675,0.7491071492097165
map_obstacle_ratio,4,raw,low,mean_robot_map_free_iou,136,0.7506845179492891,0.7898710605140004
map_obstacle_ratio,4,raw,low,reached_95_rate,136,1.0,1.0
map_obstacle_ratio,4,raw,low,steps_to_95_conditional,136,22.448529411764707,20.5
map_obstacle_ratio,4,raw,low,map_payload_kib,136,2064.8161692899816,1517.54541015625
map_obstacle_ratio,4,raw,low,map_payload_kib_per_robot,136,516.2040423224954,379.3863525390625
map_obstacle_ratio,4,raw,low,communication_packets_recorded,136,60.97794117647059,50.5
map_obstacle_ratio,4,raw,low,packets_per_robot,136,15.244485294117647,12.625
map_obstacle_ratio,4,raw,low,map_retransmission_packets,136,0.0,0.0
map_obstacle_ratio,4,raw,low,retransmission_rate,136,0.0,0.0
map_obstacle_ratio,4,raw,medium,final_coverage,132,0.9975989598828141,0.9988481430959604
map_obstacle_ratio,4,raw,medium,coverage_auc,132,0.7531668227177359,0.7503824752908093
map_obstacle_ratio,4,raw,medium,mean_robot_map_free_iou,132,0.7519807903495509,0.7733614976163714
map_obstacle_ratio,4,raw,medium,reached_95_rate,132,1.0,1.0
map_obstacle_ratio,4,raw,medium,steps_to_95_conditional,132,23.363636363636363,22.0
map_obstacle_ratio,4,raw,medium,map_payload_kib,132,1935.5078051017992,1294.19384765625
map_obstacle_ratio,4,raw,medium,map_payload_kib_per_robot,132,483.8769512754498,323.5484619140625
map_obstacle_ratio,4,raw,medium,communication_packets_recorded,132,61.09090909090909,48.5
map_obstacle_ratio,4,raw,medium,packets_per_robot,132,15.272727272727273,12.125
map_obstacle_ratio,4,raw,medium,map_retransmission_packets,132,0.0,0.0
map_obstacle_ratio,4,raw,medium,retransmission_rate,132,0.0,0.0
map_obstacle_ratio,4,raw,high,final_coverage,132,0.9967862602905395,0.9982087811380489
map_obstacle_ratio,4,raw,high,coverage_auc,132,0.7471354604686113,0.7488598410282588
map_obstacle_ratio,4,raw,high,mean_robot_map_free_iou,132,0.7284168391047452,0.7623974354271564
map_obstacle_ratio,4,raw,high,reached_95_rate,132,1.0,1.0
map_obstacle_ratio,4,raw,high,steps_to_95_conditional,132,21.204545454545453,20.0
map_obstacle_ratio,4,raw,high,map_payload_kib,132,1810.7263553503788,1297.4931640625
map_obstacle_ratio,4,raw,high,map_payload_kib_per_robot,132,452.6815888375947,324.373291015625
map_obstacle_ratio,4,raw,high,communication_packets_recorded,132,59.29545454545455,46.5
map_obstacle_ratio,4,raw,high,packets_per_robot,132,14.823863636363637,11.625
map_obstacle_ratio,4,raw,high,map_retransmission_packets,132,0.0,0.0
map_obstacle_ratio,4,raw,high,retransmission_rate,131,0.0,0.0
map_obstacle_ratio,6,compressed,low,final_coverage,136,0.9976090475670392,0.9988731275579563
map_obstacle_ratio,6,compressed,low,coverage_auc,136,0.8008937442695213,0.8053303444422812
map_obstacle_ratio,6,compressed,low,mean_robot_map_free_iou,136,0.6653245487261663,0.6891239395734579
map_obstacle_ratio,6,compressed,low,reached_95_rate,136,1.0,1.0
map_obstacle_ratio,6,compressed,low,steps_to_95_conditional,136,15.551470588235293,14.0
map_obstacle_ratio,6,compressed,low,map_payload_kib,136,898.7232450597427,790.8193359375
map_obstacle_ratio,6,compressed,low,map_payload_kib_per_robot,136,149.78720750995708,131.80322265625
map_obstacle_ratio,6,compressed,low,communication_packets_recorded,136,102.04411764705883,79.5
map_obstacle_ratio,6,compressed,low,packets_per_robot,136,17.00735294117647,13.25
map_obstacle_ratio,6,compressed,low,map_retransmission_packets,112,0.0,0.0
map_obstacle_ratio,6,compressed,low,retransmission_rate,111,0.0,0.0
map_obstacle_ratio,6,compressed,medium,final_coverage,132,0.9975509273295424,0.9990355441928302
map_obstacle_ratio,6,compressed,medium,coverage_auc,132,0.8001806546840502,0.8004595964414868
map_obstacle_ratio,6,compressed,medium,mean_robot_map_free_iou,132,0.6880186241012582,0.7185270359571782
map_obstacle_ratio,6,compressed,medium,reached_95_rate,132,1.0,1.0
map_obstacle_ratio,6,compressed,medium,steps_to_95_conditional,132,15.621212121212121,14.5
map_obstacle_ratio,6,compressed,medium,map_payload_kib,132,889.7899058948864,794.7294921875
map_obstacle_ratio,6,compressed,medium,map_payload_kib_per_robot,132,148.29831764914772,132.45491536458331
map_obstacle_ratio,6,compressed,medium,communication_packets_recorded,132,102.68181818181819,89.0
map_obstacle_ratio,6,compressed,medium,packets_per_robot,132,17.113636363636363,14.833333333333332
map_obstacle_ratio,6,compressed,medium,map_retransmission_packets,104,0.0,0.0
map_obstacle_ratio,6,compressed,medium,retransmission_rate,104,0.0,0.0
map_obstacle_ratio,6,compressed,high,final_coverage,132,0.996888071195065,0.9978050885651949
map_obstacle_ratio,6,compressed,high,coverage_auc,132,0.8012540668235223,0.8009777531228579
map_obstacle_ratio,6,compressed,high,mean_robot_map_free_iou,132,0.6313878614116718,0.6383895393626555
map_obstacle_ratio,6,compressed,high,reached_95_rate,132,1.0,1.0
map_obstacle_ratio,6,compressed,high,steps_to_95_conditional,132,13.931818181818182,14.0
map_obstacle_ratio,6,compressed,high,map_payload_kib,132,701.3504305752841,574.740234375
map_obstacle_ratio,6,compressed,high,map_payload_kib_per_robot,132,116.89173842921402,95.7900390625
map_obstacle_ratio,6,compressed,high,communication_packets_recorded,132,88.8409090909091,77.0
map_obstacle_ratio,6,compressed,high,packets_per_robot,132,14.806818181818182,12.833333333333334
map_obstacle_ratio,6,compressed,high,map_retransmission_packets,90,0.0,0.0
map_obstacle_ratio,6,compressed,high,retransmission_rate,90,0.0,0.0
map_obstacle_ratio,6,none,low,final_coverage,136,0.997388659138235,0.9988145513817884
map_obstacle_ratio,6,none,low,coverage_auc,136,0.8247139864130971,0.8221590206529157
map_obstacle_ratio,6,none,low,mean_robot_map_free_iou,136,0.5885393323820596,0.5787099432051088
map_obstacle_ratio,6,none,low,reached_95_rate,136,1.0,1.0
map_obstacle_ratio,6,none,low,steps_to_95_conditional,136,27.323529411764707,22.5
map_obstacle_ratio,6,none,low,map_payload_kib,136,0.0,0.0
map_obstacle_ratio,6,none,low,map_payload_kib_per_robot,136,0.0,0.0
map_obstacle_ratio,6,none,low,communication_packets_recorded,136,0.0,0.0
map_obstacle_ratio,6,none,low,packets_per_robot,136,0.0,0.0
map_obstacle_ratio,6,none,low,map_retransmission_packets,136,0.0,0.0
map_obstacle_ratio,6,none,medium,final_coverage,132,0.9975548217339726,0.998919342027782
map_obstacle_ratio,6,none,medium,coverage_auc,132,0.8266191047857575,0.8271256732877866
map_obstacle_ratio,6,none,medium,mean_robot_map_free_iou,132,0.5882994815233605,0.5665306731300004
map_obstacle_ratio,6,none,medium,reached_95_rate,132,1.0,1.0
map_obstacle_ratio,6,none,medium,steps_to_95_conditional,132,27.151515151515152,23.0
map_obstacle_ratio,6,none,medium,map_payload_kib,132,0.0,0.0
map_obstacle_ratio,6,none,medium,map_payload_kib_per_robot,132,0.0,0.0
map_obstacle_ratio,6,none,medium,communication_packets_recorded,132,0.0,0.0
map_obstacle_ratio,6,none,medium,packets_per_robot,132,0.0,0.0
map_obstacle_ratio,6,none,medium,map_retransmission_packets,132,0.0,0.0
map_obstacle_ratio,6,none,high,final_coverage,132,0.9970449056832492,0.9985793367775657
map_obstacle_ratio,6,none,high,coverage_auc,132,0.829249189512314,0.8363731438759081
map_obstacle_ratio,6,none,high,mean_robot_map_free_iou,132,0.5748776933938498,0.5499021188393445
map_obstacle_ratio,6,none,high,reached_95_rate,132,1.0,1.0
map_obstacle_ratio,6,none,high,steps_to_95_conditional,132,22.71212121212121,18.5
map_obstacle_ratio,6,none,high,map_payload_kib,132,0.0,0.0
map_obstacle_ratio,6,none,high,map_payload_kib_per_robot,132,0.0,0.0
map_obstacle_ratio,6,none,high,communication_packets_recorded,132,0.0,0.0
map_obstacle_ratio,6,none,high,packets_per_robot,132,0.0,0.0
map_obstacle_ratio,6,none,high,map_retransmission_packets,132,0.0,0.0
map_obstacle_ratio,6,raw,low,final_coverage,136,0.9976090475670392,0.9988731275579563
map_obstacle_ratio,6,raw,low,coverage_auc,136,0.8008937442695213,0.8053303444422812
map_obstacle_ratio,6,raw,low,mean_robot_map_free_iou,136,0.6653245487261663,0.6891239395734579
map_obstacle_ratio,6,raw,low,reached_95_rate,136,1.0,1.0
map_obstacle_ratio,6,raw,low,steps_to_95_conditional,136,15.551470588235293,14.0
map_obstacle_ratio,6,raw,low,map_payload_kib,136,3423.9204963235293,2509.34033203125
map_obstacle_ratio,6,raw,low,map_payload_kib_per_robot,136,570.6534160539217,418.223388671875
map_obstacle_ratio,6,raw,low,communication_packets_recorded,136,102.04411764705883,79.5
map_obstacle_ratio,6,raw,low,packets_per_robot,136,17.00735294117647,13.25
map_obstacle_ratio,6,raw,low,map_retransmission_packets,136,0.0,0.0
map_obstacle_ratio,6,raw,low,retransmission_rate,135,0.0,0.0
map_obstacle_ratio,6,raw,medium,final_coverage,132,0.9975509273295424,0.9990355441928302
map_obstacle_ratio,6,raw,medium,coverage_auc,132,0.8001806546840502,0.8004595964414868
map_obstacle_ratio,6,raw,medium,mean_robot_map_free_iou,132,0.6880186241012582,0.7185270359571782
map_obstacle_ratio,6,raw,medium,reached_95_rate,132,1.0,1.0
map_obstacle_ratio,6,raw,medium,steps_to_95_conditional,132,15.621212121212121,14.5
map_obstacle_ratio,6,raw,medium,map_payload_kib,132,3089.8433948863635,2459.88818359375
map_obstacle_ratio,6,raw,medium,map_payload_kib_per_robot,132,514.9738991477273,409.98136393229163
map_obstacle_ratio,6,raw,medium,communication_packets_recorded,132,102.68181818181819,89.0
map_obstacle_ratio,6,raw,medium,packets_per_robot,132,17.113636363636363,14.833333333333332
map_obstacle_ratio,6,raw,medium,map_retransmission_packets,132,0.0,0.0
map_obstacle_ratio,6,raw,medium,retransmission_rate,132,0.0,0.0
map_obstacle_ratio,6,raw,high,final_coverage,132,0.996888071195065,0.9978050885651949
map_obstacle_ratio,6,raw,high,coverage_auc,132,0.8012540668235223,0.8009777531228579
map_obstacle_ratio,6,raw,high,mean_robot_map_free_iou,132,0.6313878614116718,0.6383895393626555
map_obstacle_ratio,6,raw,high,reached_95_rate,132,1.0,1.0
map_obstacle_ratio,6,raw,high,steps_to_95_conditional,132,13.931818181818182,14.0
map_obstacle_ratio,6,raw,high,map_payload_kib,132,2446.1637739701705,1660.3525390625
map_obstacle_ratio,6,raw,high,map_payload_kib_per_robot,132,407.69396232836175,276.7254231770833
map_obstacle_ratio,6,raw,high,communication_packets_recorded,132,88.8409090909091,77.0
map_obstacle_ratio,6,raw,high,packets_per_robot,132,14.806818181818182,12.833333333333334
map_obstacle_ratio,6,raw,high,map_retransmission_packets,132,0.0,0.0
map_obstacle_ratio,6,raw,high,retransmission_rate,132,0.0,0.0
map_obstacle_ratio,8,compressed,low,final_coverage,136,0.9973966989149661,0.9989693143346274
map_obstacle_ratio,8,compressed,low,coverage_auc,136,0.8360740553696839,0.8410925545050606
map_obstacle_ratio,8,compressed,low,mean_robot_map_free_iou,136,0.6234863963529552,0.6025472693305955
map_obstacle_ratio,8,compressed,low,reached_95_rate,136,1.0,1.0
map_obstacle_ratio,8,compressed,low,steps_to_95_conditional,136,11.433823529411764,11.0
map_obstacle_ratio,8,compressed,low,map_payload_kib,136,1315.072265625,1148.626953125
map_obstacle_ratio,8,compressed,low,map_payload_kib_per_robot,136,164.384033203125,143.578369140625
map_obstacle_ratio,8,compressed,low,communication_packets_recorded,136,142.8014705882353,116.5
map_obstacle_ratio,8,compressed,low,packets_per_robot,136,17.850183823529413,14.5625
map_obstacle_ratio,8,compressed,low,map_retransmission_packets,112,0.0,0.0
map_obstacle_ratio,8,compressed,low,retransmission_rate,112,0.0,0.0
map_obstacle_ratio,8,compressed,medium,final_coverage,132,0.9978487358996214,0.9994047953023666
map_obstacle_ratio,8,compressed,medium,coverage_auc,132,0.8335253417232612,0.8282853694810359
map_obstacle_ratio,8,compressed,medium,mean_robot_map_free_iou,132,0.5851176907843679,0.600452477258741
map_obstacle_ratio,8,compressed,medium,reached_95_rate,132,1.0,1.0
map_obstacle_ratio,8,compressed,medium,steps_to_95_conditional,132,10.977272727272727,10.0
map_obstacle_ratio,8,compressed,medium,map_payload_kib,132,1062.803466796875,959.53466796875
map_obstacle_ratio,8,compressed,medium,map_payload_kib_per_robot,132,132.85043334960938,119.94183349609375
map_obstacle_ratio,8,compressed,medium,communication_packets_recorded,132,122.59848484848484,112.5
map_obstacle_ratio,8,compressed,medium,packets_per_robot,132,15.324810606060606,14.0625
map_obstacle_ratio,8,compressed,medium,map_retransmission_packets,104,0.0,0.0
map_obstacle_ratio,8,compressed,medium,retransmission_rate,104,0.0,0.0
map_obstacle_ratio,8,compressed,high,final_coverage,132,0.9968768817730254,0.997876683008138
map_obstacle_ratio,8,compressed,high,coverage_auc,132,0.848587123478092,0.850201512279293
map_obstacle_ratio,8,compressed,high,mean_robot_map_free_iou,132,0.5487434677551825,0.5399498081791885
map_obstacle_ratio,8,compressed,high,reached_95_rate,132,1.0,1.0
map_obstacle_ratio,8,compressed,high,steps_to_95_conditional,132,9.340909090909092,8.0
map_obstacle_ratio,8,compressed,high,map_payload_kib,132,963.9668338660038,744.875
map_obstacle_ratio,8,compressed,high,map_payload_kib_per_robot,132,120.49585423325047,93.109375
map_obstacle_ratio,8,compressed,high,communication_packets_recorded,132,111.03787878787878,86.0
map_obstacle_ratio,8,compressed,high,packets_per_robot,132,13.879734848484848,10.75
map_obstacle_ratio,8,compressed,high,map_retransmission_packets,90,0.0,0.0
map_obstacle_ratio,8,compressed,high,retransmission_rate,89,0.0,0.0
map_obstacle_ratio,8,none,low,final_coverage,136,0.9972800842324636,0.9988145513817884
map_obstacle_ratio,8,none,low,coverage_auc,136,0.8642505156624198,0.8725229483963335
map_obstacle_ratio,8,none,low,mean_robot_map_free_iou,136,0.5313797563411,0.4933356609973111
map_obstacle_ratio,8,none,low,reached_95_rate,136,1.0,1.0
map_obstacle_ratio,8,none,low,steps_to_95_conditional,136,20.154411764705884,17.0
map_obstacle_ratio,8,none,low,map_payload_kib,136,0.0,0.0
map_obstacle_ratio,8,none,low,map_payload_kib_per_robot,136,0.0,0.0
map_obstacle_ratio,8,none,low,communication_packets_recorded,136,0.0,0.0
map_obstacle_ratio,8,none,low,packets_per_robot,136,0.0,0.0
map_obstacle_ratio,8,none,low,map_retransmission_packets,136,0.0,0.0
map_obstacle_ratio,8,none,medium,final_coverage,132,0.9974671020417215,0.9991376681815778
map_obstacle_ratio,8,none,medium,coverage_auc,132,0.8541886849007501,0.8534093274933487
map_obstacle_ratio,8,none,medium,mean_robot_map_free_iou,132,0.4898700683485924,0.4368476387662653
map_obstacle_ratio,8,none,medium,reached_95_rate,132,1.0,1.0
map_obstacle_ratio,8,none,medium,steps_to_95_conditional,132,18.977272727272727,14.0
map_obstacle_ratio,8,none,medium,map_payload_kib,132,0.0,0.0
map_obstacle_ratio,8,none,medium,map_payload_kib_per_robot,132,0.0,0.0
map_obstacle_ratio,8,none,medium,communication_packets_recorded,132,0.0,0.0
map_obstacle_ratio,8,none,medium,packets_per_robot,132,0.0,0.0
map_obstacle_ratio,8,none,medium,map_retransmission_packets,132,0.0,0.0
map_obstacle_ratio,8,none,high,final_coverage,132,0.997065263218477,0.9987813329008834
map_obstacle_ratio,8,none,high,coverage_auc,132,0.8674909563631233,0.8629285043479653
map_obstacle_ratio,8,none,high,mean_robot_map_free_iou,132,0.46088282202002623,0.40667012603763897
map_obstacle_ratio,8,none,high,reached_95_rate,132,1.0,1.0
map_obstacle_ratio,8,none,high,steps_to_95_conditional,132,14.530303030303031,11.0
map_obstacle_ratio,8,none,high,map_payload_kib,132,0.0,0.0
map_obstacle_ratio,8,none,high,map_payload_kib_per_robot,132,0.0,0.0
map_obstacle_ratio,8,none,high,communication_packets_recorded,132,0.0,0.0
map_obstacle_ratio,8,none,high,packets_per_robot,132,0.0,0.0
map_obstacle_ratio,8,none,high,map_retransmission_packets,132,0.0,0.0
map_obstacle_ratio,8,raw,low,final_coverage,136,0.9973966989149661,0.9989693143346274
map_obstacle_ratio,8,raw,low,coverage_auc,136,0.8360740553696839,0.8410925545050606
map_obstacle_ratio,8,raw,low,mean_robot_map_free_iou,136,0.6234863963529552,0.6025472693305955
map_obstacle_ratio,8,raw,low,reached_95_rate,136,1.0,1.0
map_obstacle_ratio,8,raw,low,steps_to_95_conditional,136,11.433823529411764,11.0
map_obstacle_ratio,8,raw,low,map_payload_kib,136,4173.046113855698,2819.75
map_obstacle_ratio,8,raw,low,map_payload_kib_per_robot,136,521.6307642319623,352.46875
map_obstacle_ratio,8,raw,low,communication_packets_recorded,136,142.8014705882353,116.5
map_obstacle_ratio,8,raw,low,packets_per_robot,136,17.850183823529413,14.5625
map_obstacle_ratio,8,raw,low,map_retransmission_packets,136,0.0,0.0
map_obstacle_ratio,8,raw,low,retransmission_rate,136,0.0,0.0
map_obstacle_ratio,8,raw,medium,final_coverage,132,0.9978487358996214,0.9994047953023666
map_obstacle_ratio,8,raw,medium,coverage_auc,132,0.8335253417232612,0.8282853694810359
map_obstacle_ratio,8,raw,medium,mean_robot_map_free_iou,132,0.5851176907843679,0.600452477258741
map_obstacle_ratio,8,raw,medium,reached_95_rate,132,1.0,1.0
map_obstacle_ratio,8,raw,medium,steps_to_95_conditional,132,10.977272727272727,10.0
map_obstacle_ratio,8,raw,medium,map_payload_kib,132,3304.765321673769,2528.47607421875
map_obstacle_ratio,8,raw,medium,map_payload_kib_per_robot,132,413.0956652092211,316.05950927734375
map_obstacle_ratio,8,raw,medium,communication_packets_recorded,132,122.59848484848484,112.5
map_obstacle_ratio,8,raw,medium,packets_per_robot,132,15.324810606060606,14.0625
map_obstacle_ratio,8,raw,medium,map_retransmission_packets,132,0.0,0.0
map_obstacle_ratio,8,raw,medium,retransmission_rate,132,0.0,0.0
map_obstacle_ratio,8,raw,high,final_coverage,132,0.9968768817730254,0.997876683008138
map_obstacle_ratio,8,raw,high,coverage_auc,132,0.848587123478092,0.850201512279293
map_obstacle_ratio,8,raw,high,mean_robot_map_free_iou,132,0.5487434677551825,0.5399498081791885
map_obstacle_ratio,8,raw,high,reached_95_rate,132,1.0,1.0
map_obstacle_ratio,8,raw,high,steps_to_95_conditional,132,9.340909090909092,8.0
map_obstacle_ratio,8,raw,high,map_payload_kib,132,2877.876339074337,1805.53515625
map_obstacle_ratio,8,raw,high,map_payload_kib_per_robot,132,359.7345423842921,225.69189453125
map_obstacle_ratio,8,raw,high,communication_packets_recorded,132,111.03787878787878,86.0
map_obstacle_ratio,8,raw,high,packets_per_robot,132,13.879734848484848,10.75
map_obstacle_ratio,8,raw,high,map_retransmission_packets,132,0.0,0.0
map_obstacle_ratio,8,raw,high,retransmission_rate,131,0.0,0.0
