descriptor,team_size,method_role_normalised,stratum,metric,n,mean,median
map_obstacle_ratio,2,full,low,final_coverage,136,0.9976198828852887,0.9988034551536769
map_obstacle_ratio,2,full,low,coverage_auc,136,0.676899762236214,0.6726552551185
map_obstacle_ratio,2,full,low,reached_95_rate,136,1.0,1.0
map_obstacle_ratio,2,full,low,steps_to_95_conditional,136,43.10294117647059,43.0
map_obstacle_ratio,2,full,low,trajectory_overlap_ratio,136,0.15016929035622428,0.11410488245931275
map_obstacle_ratio,2,full,low,team_travel_distance_recorded,136,771.4034145123818,761.3318650722504
map_obstacle_ratio,2,full,low,team_path_per_robot,136,385.7017072561909,380.6659325361252
map_obstacle_ratio,2,full,low,actual_collision_pairs,136,0.0,0.0
map_obstacle_ratio,2,full,low,collisions_per_robot_pair,136,0.0,0.0
map_obstacle_ratio,2,full,low,deadlock_duration_robot_steps,136,0.20588235294117646,0.0
map_obstacle_ratio,2,full,medium,final_coverage,132,0.9975681915700635,0.998960316667671
map_obstacle_ratio,2,full,medium,coverage_auc,132,0.6803025837316845,0.6808606579765946
map_obstacle_ratio,2,full,medium,reached_95_rate,132,1.0,1.0
map_obstacle_ratio,2,full,medium,steps_to_95_conditional,132,42.86363636363637,41.5
map_obstacle_ratio,2,full,medium,trajectory_overlap_ratio,132,0.1284959853677437,0.10933997509339971
map_obstacle_ratio,2,full,medium,team_travel_distance_recorded,132,769.3783264954885,751.063223361969
map_obstacle_ratio,2,full,medium,team_path_per_robot,132,384.68916324774426,375.5316116809845
map_obstacle_ratio,2,full,medium,actual_collision_pairs,132,0.0,0.0
map_obstacle_ratio,2,full,medium,collisions_per_robot_pair,132,0.0,0.0
map_obstacle_ratio,2,full,medium,deadlock_duration_robot_steps,132,0.14393939393939395,0.0
map_obstacle_ratio,2,full,high,final_coverage,132,0.9973469806545112,0.9987212845092881
map_obstacle_ratio,2,full,high,coverage_auc,132,0.6832540505608585,0.6801829876461849
map_obstacle_ratio,2,full,high,reached_95_rate,132,1.0,1.0
map_obstacle_ratio,2,full,high,steps_to_95_conditional,132,37.99242424242424,38.0
map_obstacle_ratio,2,full,high,trajectory_overlap_ratio,132,0.10572882325568105,0.0785361842105263
map_obstacle_ratio,2,full,high,team_travel_distance_recorded,132,683.6150615576541,668.9711849689484
map_obstacle_ratio,2,full,high,team_path_per_robot,132,341.8075307788271,334.4855924844742
map_obstacle_ratio,2,full,high,actual_collision_pairs,132,0.0,0.0
map_obstacle_ratio,2,full,high,collisions_per_robot_pair,132,0.0,0.0
map_obstacle_ratio,2,full,high,deadlock_duration_robot_steps,132,0.18181818181818182,0.0
map_obstacle_ratio,2,map_only,low,final_coverage,136,0.9971855360655306,0.9989598455298867
map_obstacle_ratio,2,map_only,low,coverage_auc,136,0.679618727091996,0.68455435343995
map_obstacle_ratio,2,map_only,low,reached_95_rate,136,1.0,1.0
map_obstacle_ratio,2,map_only,low,steps_to_95_conditional,136,62.279411764705884,60.0
map_obstacle_ratio,2,map_only,low,trajectory_overlap_ratio,136,0.18414522632734306,0.1642550410754294
map_obstacle_ratio,2,map_only,low,team_travel_distance_recorded,136,829.4661269783974,822.9342112541199
map_obstacle_ratio,2,map_only,low,team_path_per_robot,136,414.7330634891987,411.46710562705994
map_obstacle_ratio,2,map_only,low,actual_collision_pairs,136,0.0,0.0
map_obstacle_ratio,2,map_only,low,collisions_per_robot_pair,136,0.0,0.0
map_obstacle_ratio,2,map_only,low,deadlock_duration_robot_steps,136,0.0,0.0
map_obstacle_ratio,2,map_only,medium,final_coverage,132,0.9980284745884324,0.999368960505199
map_obstacle_ratio,2,map_only,medium,coverage_auc,132,0.6745137690123378,0.6718870479553404
map_obstacle_ratio,2,map_only,medium,reached_95_rate,132,1.0,1.0
map_obstacle_ratio,2,map_only,medium,steps_to_95_conditional,132,58.484848484848484,57.0
map_obstacle_ratio,2,map_only,medium,trajectory_overlap_ratio,132,0.1695481910777761,0.15277777777777773
map_obstacle_ratio,2,map_only,medium,team_travel_distance_recorded,132,771.5232790094433,750.7920758724213
map_obstacle_ratio,2,map_only,medium,team_path_per_robot,132,385.76163950472164,375.39603793621063
map_obstacle_ratio,2,map_only,medium,actual_collision_pairs,132,0.0,0.0
map_obstacle_ratio,2,map_only,medium,collisions_per_robot_pair,132,0.0,0.0
map_obstacle_ratio,2,map_only,medium,deadlock_duration_robot_steps,132,0.0,0.0
map_obstacle_ratio,2,map_only,high,final_coverage,132,0.9967314815770313,0.9974562982865126
map_obstacle_ratio,2,map_only,high,coverage_auc,132,0.6796902667311,0.6777385098852449
map_obstacle_ratio,2,map_only,high,reached_95_rate,132,1.0,1.0
map_obstacle_ratio,2,map_only,high,steps_to_95_conditional,132,56.85606060606061,56.5
map_obstacle_ratio,2,map_only,high,trajectory_overlap_ratio,132,0.19603344550512078,0.2098536036036036
map_obstacle_ratio,2,map_only,high,team_travel_distance_recorded,132,749.753985878193,744.5691640377045
map_obstacle_ratio,2,map_only,high,team_path_per_robot,132,374.8769929390965,372.28458201885223
map_obstacle_ratio,2,map_only,high,actual_collision_pairs,132,0.0,0.0
map_obstacle_ratio,2,map_only,high,collisions_per_robot_pair,132,0.0,0.0
map_obstacle_ratio,2,map_only,high,deadlock_duration_robot_steps,132,0.0,0.0
map_obstacle_ratio,4,full,low,final_coverage,136,0.9974070348447187,0.9985052646759474
map_obstacle_ratio,4,full,low,coverage_auc,136,0.7483607453559675,0.7491071492097165
map_obstacle_ratio,4,full,low,reached_95_rate,136,1.0,1.0
map_obstacle_ratio,4,full,low,steps_to_95_conditional,136,22.448529411764707,20.5
map_obstacle_ratio,4,full,low,trajectory_overlap_ratio,136,0.18046619574868897,0.1796376186367558
map_obstacle_ratio,4,full,low,team_travel_distance_recorded,136,837.7025720126488,833.3625445365906
map_obstacle_ratio,4,full,low,team_path_per_robot,136,209.4256430031622,208.34063613414764
map_obstacle_ratio,4,full,low,actual_collision_pairs,136,0.0,0.0
map_obstacle_ratio,4,full,low,collisions_per_robot_pair,136,0.0,0.0
map_obstacle_ratio,4,full,low,deadlock_duration_robot_steps,136,0.022058823529411766,0.0
map_obstacle_ratio,4,full,medium,final_coverage,132,0.9975989598828141,0.9988481430959604
map_obstacle_ratio,4,full,medium,coverage_auc,132,0.7531668227177359,0.7503824752908093
map_obstacle_ratio,4,full,medium,reached_95_rate,132,1.0,1.0
map_obstacle_ratio,4,full,medium,steps_to_95_conditional,132,23.363636363636363,22.0
map_obstacle_ratio,4,full,medium,trajectory_overlap_ratio,132,0.19125985381925142,0.1904761904761904
map_obstacle_ratio,4,full,medium,team_travel_distance_recorded,132,867.3036085078211,855.4107582569122
map_obstacle_ratio,4,full,medium,team_path_per_robot,132,216.82590212695527,213.85268956422806
map_obstacle_ratio,4,full,medium,actual_collision_pairs,132,0.0,0.0
map_obstacle_ratio,4,full,medium,collisions_per_robot_pair,132,0.0,0.0
map_obstacle_ratio,4,full,medium,deadlock_duration_robot_steps,132,0.06060606060606061,0.0
map_obstacle_ratio,4,full,high,final_coverage,132,0.9967862602905395,0.9982087811380489
map_obstacle_ratio,4,full,high,coverage_auc,132,0.7471354604686113,0.7488598410282588
map_obstacle_ratio,4,full,high,reached_95_rate,132,1.0,1.0
map_obstacle_ratio,4,full,high,steps_to_95_conditional,132,21.204545454545453,20.0
map_obstacle_ratio,4,full,high,trajectory_overlap_ratio,132,0.18610561335734943,0.1726266496381439
map_obstacle_ratio,4,full,high,team_travel_distance_recorded,132,756.8855825915481,724.4815366268158
map_obstacle_ratio,4,full,high,team_path_per_robot,132,189.22139564788702,181.12038415670395
map_obstacle_ratio,4,full,high,actual_collision_pairs,132,0.0,0.0
map_obstacle_ratio,4,full,high,collisions_per_robot_pair,132,0.0,0.0
map_obstacle_ratio,4,full,high,deadlock_duration_robot_steps,132,0.007575757575757576,0.0
map_obstacle_ratio,4,map_only,low,final_coverage,136,0.9974598816990067,0.9990410776260272
map_obstacle_ratio,4,map_only,low,coverage_auc,136,0.7521507133205008,0.7535564157626042
map_obstacle_ratio,4,map_only,low,reached_95_rate,136,1.0,1.0
map_obstacle_ratio,4,map_only,low,steps_to_95_conditional,136,37.35294117647059,36.0
map_obstacle_ratio,4,map_only,low,trajectory_overlap_ratio,136,0.27581289860234726,0.2735317779565567
map_obstacle_ratio,4,map_only,low,team_travel_distance_recorded,136,1010.1209315587492,972.2109897136688
map_obstacle_ratio,4,map_only,low,team_path_per_robot,136,252.5302328896873,243.0527474284172
map_obstacle_ratio,4,map_only,low,actual_collision_pairs,136,0.38235294117647056,0.0
map_obstacle_ratio,4,map_only,low,collisions_per_robot_pair,136,0.06372549019607843,0.0
map_obstacle_ratio,4,map_only,low,deadlock_duration_robot_steps,136,0.10294117647058823,0.0
map_obstacle_ratio,4,map_only,medium,final_coverage,132,0.9971341990148835,0.9988048262255275
map_obstacle_ratio,4,map_only,medium,coverage_auc,132,0.7539659636207701,0.7530046329866787
map_obstacle_ratio,4,map_only,medium,reached_95_rate,132,1.0,1.0
map_obstacle_ratio,4,map_only,medium,steps_to_95_conditional,132,36.25,34.0
map_obstacle_ratio,4,map_only,medium,trajectory_overlap_ratio,132,0.2768008451918526,0.280625
map_obstacle_ratio,4,map_only,medium,team_travel_distance_recorded,132,983.2291715253483,963.4545609951019
map_obstacle_ratio,4,map_only,medium,team_path_per_robot,132,245.80729288133708,240.86364024877548
map_obstacle_ratio,4,map_only,medium,actual_collision_pairs,132,0.4772727272727273,0.0
map_obstacle_ratio,4,map_only,medium,collisions_per_robot_pair,132,0.07954545454545454,0.0
map_obstacle_ratio,4,map_only,medium,deadlock_duration_robot_steps,132,0.13636363636363635,0.0
map_obstacle_ratio,4,map_only,high,final_coverage,132,0.9963444314167339,0.996480886242425
map_obstacle_ratio,4,map_only,high,coverage_auc,132,0.7474595102870228,0.7558136894020511
map_obstacle_ratio,4,map_only,high,reached_95_rate,132,1.0,1.0
map_obstacle_ratio,4,map_only,high,steps_to_95_conditional,132,32.78787878787879,31.0
map_obstacle_ratio,4,map_only,high,trajectory_overlap_ratio,132,0.26671173796429315,0.2631578947368421
map_obstacle_ratio,4,map_only,high,team_travel_distance_recorded,132,872.0612843000528,863.2948913574219
map_obstacle_ratio,4,map_only,high,team_path_per_robot,132,218.0153210750132,215.82372283935547
map_obstacle_ratio,4,map_only,high,actual_collision_pairs,132,0.21212121212121213,0.0
map_obstacle_ratio,4,map_only,high,collisions_per_robot_pair,132,0.03535353535353535,0.0
map_obstacle_ratio,4,map_only,high,deadlock_duration_robot_steps,132,0.22727272727272727,0.0
map_obstacle_ratio,6,full,low,final_coverage,136,0.9976090475670392,0.9988731275579563
map_obstacle_ratio,6,full,low,coverage_auc,136,0.8008937442695213,0.8053303444422812
map_obstacle_ratio,6,full,low,reached_95_rate,136,1.0,1.0
map_obstacle_ratio,6,full,low,steps_to_95_conditional,136,15.551470588235293,14.0
map_obstacle_ratio,6,full,low,trajectory_overlap_ratio,136,0.20425148065396928,0.2083333333333333
map_obstacle_ratio,6,full,low,team_travel_distance_recorded,136,901.2393131150919,832.2829880714417
map_obstacle_ratio,6,full,low,team_path_per_robot,136,150.20655218584866,138.7138313452403
map_obstacle_ratio,6,full,low,actual_collision_pairs,136,0.0,0.0
map_obstacle_ratio,6,full,low,collisions_per_robot_pair,136,0.0,0.0
map_obstacle_ratio,6,full,low,deadlock_duration_robot_steps,136,0.0,0.0
map_obstacle_ratio,6,full,medium,final_coverage,132,0.9975509273295424,0.9990355441928302
map_obstacle_ratio,6,full,medium,coverage_auc,132,0.8001806546840502,0.8004595964414868
map_obstacle_ratio,6,full,medium,reached_95_rate,132,1.0,1.0
map_obstacle_ratio,6,full,medium,steps_to_95_conditional,132,15.621212121212121,14.5
map_obstacle_ratio,6,full,medium,trajectory_overlap_ratio,132,0.22262563364277035,0.22756041426927495
map_obstacle_ratio,6,full,medium,team_travel_distance_recorded,132,912.061873103633,881.3518831729889
map_obstacle_ratio,6,full,medium,team_path_per_robot,132,152.01031218393885,146.89198052883148
map_obstacle_ratio,6,full,medium,actual_collision_pairs,132,0.0,0.0
map_obstacle_ratio,6,full,medium,collisions_per_robot_pair,132,0.0,0.0
map_obstacle_ratio,6,full,medium,deadlock_duration_robot_steps,132,0.0,0.0
map_obstacle_ratio,6,full,high,final_coverage,132,0.996888071195065,0.9978050885651949
map_obstacle_ratio,6,full,high,coverage_auc,132,0.8012540668235223,0.8009777531228579
map_obstacle_ratio,6,full,high,reached_95_rate,132,1.0,1.0
map_obstacle_ratio,6,full,high,steps_to_95_conditional,132,13.931818181818182,14.0
map_obstacle_ratio,6,full,high,trajectory_overlap_ratio,132,0.20392556433093956,0.1889880952380952
map_obstacle_ratio,6,full,high,team_travel_distance_recorded,132,796.4904564691312,745.8565819263458
map_obstacle_ratio,6,full,high,team_path_per_robot,132,132.74840941152186,124.30943032105765
map_obstacle_ratio,6,full,high,actual_collision_pairs,132,0.0,0.0
map_obstacle_ratio,6,full,high,collisions_per_robot_pair,132,0.0,0.0
map_obstacle_ratio,6,full,high,deadlock_duration_robot_steps,132,0.0,0.0
map_obstacle_ratio,6,map_only,low,final_coverage,136,0.9973118056064781,0.9989612994860989
map_obstacle_ratio,6,map_only,low,coverage_auc,136,0.7987012921897428,0.7979137770929898
map_obstacle_ratio,6,map_only,low,reached_95_rate,136,1.0,1.0
map_obstacle_ratio,6,map_only,low,steps_to_95_conditional,136,25.86764705882353,23.5
map_obstacle_ratio,6,map_only,low,trajectory_overlap_ratio,136,0.2924485367917837,0.27632389162561577
map_obstacle_ratio,6,map_only,low,team_travel_distance_recorded,136,1062.441090061384,992.6393010616302
map_obstacle_ratio,6,map_only,low,team_path_per_robot,136,177.0735150102307,165.4398835102717
map_obstacle_ratio,6,map_only,low,actual_collision_pairs,136,0.9338235294117647,0.0
map_obstacle_ratio,6,map_only,low,collisions_per_robot_pair,136,0.062254901960784315,0.0
map_obstacle_ratio,6,map_only,low,deadlock_duration_robot_steps,136,0.8014705882352942,0.0
map_obstacle_ratio,6,map_only,medium,final_coverage,132,0.9975448962465853,0.9991431095227684
map_obstacle_ratio,6,map_only,medium,coverage_auc,132,0.8057138404643104,0.8140525178413103
map_obstacle_ratio,6,map_only,medium,reached_95_rate,132,1.0,1.0
map_obstacle_ratio,6,map_only,medium,steps_to_95_conditional,132,24.825757575757574,23.0
map_obstacle_ratio,6,map_only,medium,trajectory_overlap_ratio,132,0.3036422272228847,0.3051587301587302
map_obstacle_ratio,6,map_only,medium,team_travel_distance_recorded,132,1061.7720992312286,1023.7037632465364
map_obstacle_ratio,6,map_only,medium,team_path_per_robot,132,176.96201653853814,170.61729387442273
map_obstacle_ratio,6,map_only,medium,actual_collision_pairs,132,1.5757575757575757,0.0
map_obstacle_ratio,6,map_only,medium,collisions_per_robot_pair,132,0.10505050505050506,0.0
map_obstacle_ratio,6,map_only,medium,deadlock_duration_robot_steps,132,1.3409090909090908,0.0
map_obstacle_ratio,6,map_only,high,final_coverage,132,0.9965869720285413,0.9977457008078991
map_obstacle_ratio,6,map_only,high,coverage_auc,132,0.8032972537992604,0.8053835282213254
map_obstacle_ratio,6,map_only,high,reached_95_rate,132,1.0,1.0
map_obstacle_ratio,6,map_only,high,steps_to_95_conditional,132,22.363636363636363,20.5
map_obstacle_ratio,6,map_only,high,trajectory_overlap_ratio,132,0.3048244780938358,0.3128156565656566
map_obstacle_ratio,6,map_only,high,team_travel_distance_recorded,132,951.5619627562436,882.4295125007629
map_obstacle_ratio,6,map_only,high,team_path_per_robot,132,158.59366045937395,147.07158541679382
map_obstacle_ratio,6,map_only,high,actual_collision_pairs,132,0.8636363636363636,0.0
map_obstacle_ratio,6,map_only,high,collisions_per_robot_pair,132,0.05757575757575758,0.0
map_obstacle_ratio,6,map_only,high,deadlock_duration_robot_steps,132,0.3560606060606061,0.0
map_obstacle_ratio,8,full,low,final_coverage,136,0.9973966989149661,0.9989693143346274
map_obstacle_ratio,8,full,low,coverage_auc,136,0.8360740553696839,0.8410925545050606
map_obstacle_ratio,8,full,low,reached_95_rate,136,1.0,1.0
map_obstacle_ratio,8,full,low,steps_to_95_conditional,136,11.433823529411764,11.0
map_obstacle_ratio,8,full,low,trajectory_overlap_ratio,136,0.21593978760717278,0.20009157509157505
map_obstacle_ratio,8,full,low,team_travel_distance_recorded,136,914.1876330621102,851.46772813797
map_obstacle_ratio,8,full,low,team_path_per_robot,136,114.27345413276377,106.43346601724625
map_obstacle_ratio,8,full,low,actual_collision_pairs,136,0.0,0.0
map_obstacle_ratio,8,full,low,collisions_per_robot_pair,136,0.0,0.0
map_obstacle_ratio,8,full,low,deadlock_duration_robot_steps,136,0.0,0.0
map_obstacle_ratio,8,full,medium,final_coverage,132,0.9978487358996214,0.9994047953023666
map_obstacle_ratio,8,full,medium,coverage_auc,132,0.8335253417232612,0.8282853694810359
map_obstacle_ratio,8,full,medium,reached_95_rate,132,1.0,1.0
map_obstacle_ratio,8,full,medium,steps_to_95_conditional,132,10.977272727272727,10.0
map_obstacle_ratio,8,full,medium,trajectory_overlap_ratio,132,0.20693754994521038,0.2
map_obstacle_ratio,8,full,medium,team_travel_distance_recorded,132,882.915593103929,823.3124256134033
map_obstacle_ratio,8,full,medium,team_path_per_robot,132,110.36444913799113,102.91405320167542
map_obstacle_ratio,8,full,medium,actual_collision_pairs,132,0.0,0.0
map_obstacle_ratio,8,full,medium,collisions_per_robot_pair,132,0.0,0.0
map_obstacle_ratio,8,full,medium,deadlock_duration_robot_steps,132,0.0,0.0
map_obstacle_ratio,8,full,high,final_coverage,132,0.9968768817730254,0.997876683008138
map_obstacle_ratio,8,full,high,coverage_auc,132,0.848587123478092,0.850201512279293
map_obstacle_ratio,8,full,high,reached_95_rate,132,1.0,1.0
map_obstacle_ratio,8,full,high,steps_to_95_conditional,132,9.340909090909092,8.0
map_obstacle_ratio,8,full,high,trajectory_overlap_ratio,132,0.17974441963075902,0.17417279411764705
map_obstacle_ratio,8,full,high,team_travel_distance_recorded,132,741.5854451331226,710.5385065078735
map_obstacle_ratio,8,full,high,team_path_per_robot,132,92.69818064164032,88.81731331348419
map_obstacle_ratio,8,full,high,actual_collision_pairs,132,0.0,0.0
map_obstacle_ratio,8,full,high,collisions_per_robot_pair,132,0.0,0.0
map_obstacle_ratio,8,full,high,deadlock_duration_robot_steps,132,0.007575757575757576,0.0
map_obstacle_ratio,8,map_only,low,final_coverage,136,0.9975832583531657,0.9996978638243477
map_obstacle_ratio,8,map_only,low,coverage_auc,136,0.8355155717677039,0.8406716732711476
map_obstacle_ratio,8,map_only,low,reached_95_rate,136,1.0,1.0
map_obstacle_ratio,8,map_only,low,steps_to_95_conditional,136,19.294117647058822,16.0
map_obstacle_ratio,8,map_only,low,trajectory_overlap_ratio,136,0.31619889180536426,0.32305045871559634
map_obstacle_ratio,8,map_only,low,team_travel_distance_recorded,136,1093.7490270278033,1035.168385028839
map_obstacle_ratio,8,map_only,low,team_path_per_robot,136,136.71862837847542,129.3960481286049
map_obstacle_ratio,8,map_only,low,actual_collision_pairs,136,2.3970588235294117,1.0
map_obstacle_ratio,8,map_only,low,collisions_per_robot_pair,136,0.08560924369747899,0.03571428571428571
map_obstacle_ratio,8,map_only,low,deadlock_duration_robot_steps,136,2.2794117647058822,0.0
map_obstacle_ratio,8,map_only,medium,final_coverage,132,0.9967954755062717,0.9974701999384992
map_obstacle_ratio,8,map_only,medium,coverage_auc,132,0.8329436029023889,0.8399840481185815
map_obstacle_ratio,8,map_only,medium,reached_95_rate,132,1.0,1.0
map_obstacle_ratio,8,map_only,medium,steps_to_95_conditional,132,18.522727272727273,17.0
map_obstacle_ratio,8,map_only,medium,trajectory_overlap_ratio,132,0.2996472732369038,0.29707369388693117
map_obstacle_ratio,8,map_only,medium,team_travel_distance_recorded,132,1042.0378079233747,980.3681535720825
map_obstacle_ratio,8,map_only,medium,team_path_per_robot,132,130.25472599042183,122.54601919651031
map_obstacle_ratio,8,map_only,medium,actual_collision_pairs,132,1.9166666666666667,0.0
map_obstacle_ratio,8,map_only,medium,collisions_per_robot_pair,132,0.06845238095238095,0.0
map_obstacle_ratio,8,map_only,medium,deadlock_duration_robot_steps,132,1.4090909090909092,0.0
map_obstacle_ratio,8,map_only,high,final_coverage,132,0.9973314697002821,0.9989622314622315
map_obstacle_ratio,8,map_only,high,coverage_auc,132,0.8464792072939774,0.8473743849711386
map_obstacle_ratio,8,map_only,high,reached_95_rate,132,1.0,1.0
map_obstacle_ratio,8,map_only,high,steps_to_95_conditional,132,15.515151515151516,13.0
map_obstacle_ratio,8,map_only,high,trajectory_overlap_ratio,132,0.28506377129492216,0.27267156862745096
map_obstacle_ratio,8,map_only,high,team_travel_distance_recorded,132,913.4438743193945,834.140852689743
map_obstacle_ratio,8,map_only,high,team_path_per_robot,132,114.18048428992431,104.26760658621788
map_obstacle_ratio,8,map_only,high,actual_collision_pairs,132,1.0833333333333333,0.0
map_obstacle_ratio,8,map_only,high,collisions_per_robot_pair,132,0.038690476190476185,0.0
map_obstacle_ratio,8,map_only,high,deadlock_duration_robot_steps,132,0.8181818181818182,0.0
